{"memory": {"ram_total_mb": 7883.34, "ram_used_mb": 6738.98, "ram_available_mb": 1144.36, "ram_percent": 85.5}, "cpu": {"cpu_percent": 0.0, "cpu_times": [10538.96875, 6479.96875, 356987.25, 367.546875, 262.921875], "cpu_freq": [3110.0, 0.0, 3110.0], "cpu_count": 8, "cpu_stats": [550383011, 341928618, 0, 2935440496]}, "disk": {"disk_usage": [276502147072, 240702767104, 35799379968, 87.1], "disk_partitions": [["C:\\", "C:\\", "NTFS", "rw,fixed"], ["D:\\", "D:\\", "NTFS", "rw,fixed"], ["E:\\", "E:\\", "NTFS", "rw,fixed"]], "disk_io_counters": [3248546, 1573452, 223615094272, 127888083968, 6025, 1629]}, "network": {"net_counters": [583488230, 2596300575, 1224544, 2642183, 0, 0, 0, 0], "net_if_addrs": {"Ethernet 2": [[-1, "0A-00-27-00-00-13", null, null, null], [2, "192.168.56.1", "255.255.255.0", null, null]], "Local Area Connection* 9": [[-1, "EE-2E-98-EF-7A-29", null, null, null], [2, "169.254.234.165", "255.255.0.0", null, null]], "Local Area Connection* 10": [[-1, "EE-2E-98-EF-7A-39", null, null, null], [2, "169.254.106.86", "255.255.0.0", null, null]], "Ethernet": [[-1, "00-FF-36-44-1C-92", null, null, null], [2, "169.254.143.82", "255.255.0.0", null, null]], "outline-tap0": [[-1, "00-FF-CD-CA-C8-83", null, null, null], [2, "10.0.85.2", "255.255.255.0", null, null], [2, "169.254.12.142", "255.255.0.0", null, null]], "Wi-Fi": [[-1, "EC-2E-98-EF-7A-59", null, null, null], [2, "192.168.1.110", "255.255.255.0", null, null]], "Bluetooth Network Connection": [[-1, "EC-2E-98-EF-7A-58", null, null, null], [2, "169.254.147.237", "255.255.0.0", null, null]], "Loopback Pseudo-Interface 1": [[2, "127.0.0.1", "255.0.0.0", null, null], [23, "::1", null, null, null]]}, "net_connections": [[-1, 2, 1, ["0.0.0.0", 27036], [], "LISTEN", 6552], [-1, 2, 1, ["127.0.0.1", 22494], ["127.0.0.1", 49093], "ESTABLISHED", 18596], [-1, 2, 1, ["192.168.56.1", 139], [], "LISTEN", 4], [-1, 2, 2, ["0.0.0.0", 27036], [], "NONE", 6552], [-1, 23, 2, ["::1", 1900], [], "NONE", 5300], [-1, 2, 1, ["127.0.0.1", 49123], [], "LISTEN", 13608], [-1, 2, 2, ["192.168.1.110", 1900], [], "NONE", 5300], [-1, 23, 1, ["::", 49667], [], "LISTEN", 3412], [-1, 2, 2, ["127.0.0.1", 63553], [], "NONE", 5300], [-1, 2, 1, ["127.0.0.1", 49062], ["127.0.0.1", 44324], "ESTABLISHED", 18596], [-1, 23, 1, ["::", 135], [], "LISTEN", 1684], [-1, 2, 1, ["127.0.0.1", 28390], [], "LISTEN", 4], [-1, 2, 2, ["0.0.0.0", 60354], [], "NONE", 6244], [-1, 23, 1, ["::", 49668], [], "LISTEN", 3508], [-1, 2, 2, ["192.168.1.110", 5353], [], "NONE", 6848], [-1, 23, 1, ["::", 49669], [], "LISTEN", 5308], [-1, 2, 1, ["0.0.0.0", 5040], [], "LISTEN", 12240], [-1, 2, 2, ["0.0.0.0", 52937], [], "NONE", 2868], [-1, 2, 1, ["192.168.1.110", 7930], ["13.107.246.254", 443], "CLOSE_WAIT", 12888], [-1, 23, 1, ["::", 15616], [], "LISTEN", 5476], [-1, 2, 1, ["192.168.1.110", 44233], ["172.64.148.235", 443], "ESTABLISHED", 6244], [-1, 2, 1, ["127.0.0.1", 44324], ["127.0.0.1", 49062], "ESTABLISHED", 13608], [-1, 2, 1, ["0.0.0.0", 135], [], "LISTEN", 1684], [-1, 2, 1, ["0.0.0.0", 49667], [], "LISTEN", 3412], [-1, 2, 1, ["127.0.0.1", 49751], ["127.0.0.1", 49743], "ESTABLISHED", 10468], [-1, 2, 1, ["0.0.0.0", 445], [], "LISTEN", 4], [-1, 2, 2, ["192.168.56.1", 63551], [], "NONE", 5300], [-1, 23, 2, ["::", 500], [], "NONE", 6304], [-1, 2, 1, ["127.0.0.1", 27060], [], "LISTEN", 6552], [-1, 23, 1, ["::", 49665], [], "LISTEN", 1188], [-1, 2, 1, ["127.0.0.1", 49743], ["127.0.0.1", 49751], "ESTABLISHED", 6552], [-1, 2, 1, ["127.0.0.1", 49123], ["127.0.0.1", 35685], "ESTABLISHED", 13608], [-1, 2, 2, ["0.0.0.0", 123], [], "NONE", 13324], [-1, 2, 1, ["0.0.0.0", 49664], [], "LISTEN", 1296], [-1, 2, 1, ["0.0.0.0", 49665], [], "LISTEN", 1188], [-1, 2, 2, ["0.0.0.0", 500], [], "NONE", 6304], [-1, 2, 2, ["0.0.0.0", 5353], [], "NONE", 13360], [-1, 2, 1, ["192.168.1.110", 30782], ["142.251.127.188", 5228], "ESTABLISHED", 6244], [-1, 2, 2, ["0.0.0.0", 65228], [], "NONE", 6244], [-1, 2, 1, ["127.0.0.1", 49712], ["127.0.0.1", 31801], "ESTABLISHED", 11408], [-1, 2, 1, ["127.0.0.1", 44299], ["127.0.0.1", 49062], "ESTABLISHED", 13608], [-1, 2, 1, ["127.0.0.1", 35685], ["127.0.0.1", 49123], "ESTABLISHED", 18596], [-1, 2, 1, ["127.0.0.1", 49093], ["127.0.0.1", 22494], "ESTABLISHED", 13608], [-1, 23, 1, ["::", 49671], [], "LISTEN", 1260], [-1, 2, 1, ["0.0.0.0", 15616], [], "LISTEN", 5476], [-1, 23, 2, ["::", 3389], [], "NONE", 1824], [-1, 2, 1, ["127.0.0.1", 49062], ["127.0.0.1", 46001], "ESTABLISHED", 18596], [-1, 2, 2, ["192.168.1.110", 137], [], "NONE", 4], [-1, 2, 2, ["192.168.56.1", 1900], [], "NONE", 5300], [-1, 2, 1, ["0.0.0.0", 49669], [], "LISTEN", 5308], [-1, 2, 1, ["127.0.0.1", 19294], [], "LISTEN", 20272], [-1, 23, 1, ["::1", 42050], [], "LISTEN", 17068], [-1, 2, 1, ["192.168.1.110", 45999], ["34.54.84.110", 443], "ESTABLISHED", 13608], [-1, 2, 2, ["192.168.56.1", 5353], [], "NONE", 6848], [-1, 2, 1, ["192.168.1.110", 10430], ["20.189.173.11", 443], "ESTABLISHED", 18532], [-1, 23, 1, ["::", 49664], [], "LISTEN", 1296], [-1, 2, 1, ["127.0.0.1", 49744], [], "LISTEN", 6552], [-1, 2, 2, ["0.0.0.0", 3389], [], "NONE", 1824], [-1, 2, 1, ["127.0.0.1", 49062], ["127.0.0.1", 44299], "ESTABLISHED", 18596], [-1, 2, 1, ["192.168.1.110", 49411], ["4.207.247.138", 443], "ESTABLISHED", 7676], [-1, 2, 1, ["0.0.0.0", 49666], [], "LISTEN", 1072], [-1, 2, 1, ["127.0.0.1", 44325], ["127.0.0.1", 49062], "ESTABLISHED", 13608], [-1, 2, 1, ["127.0.0.1", 31801], ["127.0.0.1", 49712], "ESTABLISHED", 14820], [-1, 2, 1, ["192.168.1.110", 55455], ["142.251.127.188", 5228], "ESTABLISHED", 6244], [-1, 2, 2, ["127.0.0.1", 1900], [], "NONE", 5300], [-1, 2, 2, ["0.0.0.0", 5355], [], "NONE", 2868], [-1, 23, 2, ["::", 55093], [], "NONE", 2868], [-1, 23, 1, ["::", 49666], [], "LISTEN", 1072], [-1, 2, 1, ["127.0.0.1", 45997], ["127.0.0.1", 49350], "TIME_WAIT", 0], [-1, 2, 2, ["0.0.0.0", 5050], [], "NONE", 12240], [-1, 2, 1, ["192.168.1.110", 45959], ["216.58.204.138", 443], "ESTABLISHED", 13608], [-1, 2, 1, ["0.0.0.0", 49668], [], "LISTEN", 3508], [-1, 2, 1, ["127.0.0.1", 46001], ["127.0.0.1", 49062], "ESTABLISHED", 13608], [-1, 2, 1, ["127.0.0.1", 49750], ["127.0.0.1", 49744], "ESTABLISHED", 10468], [-1, 2, 2, ["192.168.1.110", 138], [], "NONE", 4], [-1, 2, 2, ["0.0.0.0", 5353], [], "NONE", 2868], [-1, 2, 2, ["0.0.0.0", 55093], [], "NONE", 2868], [-1, 23, 2, ["::1", 5353], [], "NONE", 6848], [-1, 23, 2, ["::1", 63550], [], "NONE", 5300], [-1, 2, 1, ["127.0.0.1", 49062], [], "LISTEN", 18596], [-1, 2, 1, ["127.0.0.1", 49093], ["127.0.0.1", 7844], "ESTABLISHED", 13608], [-1, 2, 1, ["192.168.1.110", 11624], ["149.154.167.92", 443], "ESTABLISHED", 15808], [-1, 2, 2, ["192.168.1.110", 63552], [], "NONE", 5300], [-1, 2, 1, ["127.0.0.1", 49062], ["127.0.0.1", 44325], "ESTABLISHED", 18596], [-1, 2, 1, ["127.0.0.1", 49351], [], "LISTEN", 3376], [-1, 2, 1, ["127.0.0.1", 49124], ["127.0.0.1", 49062], "ESTABLISHED", 13608], [-1, 2, 1, ["192.168.1.110", 4244], ["155.133.250.4", 27019], "ESTABLISHED", 6552], [-1, 2, 1, ["127.0.0.1", 49711], ["127.0.0.1", 65001], "ESTABLISHED", 6848], [-1, 2, 1, ["192.168.1.110", 7932], ["13.107.213.254", 443], "CLOSE_WAIT", 12888], [-1, 23, 1, ["::1", 49670], [], "LISTEN", 6440], [-1, 23, 2, ["::", 4500], [], "NONE", 6304], [-1, 2, 2, ["0.0.0.0", 5353], [], "NONE", 6244], [-1, 2, 1, ["127.0.0.1", 65001], ["127.0.0.1", 49711], "ESTABLISHED", 6848], [-1, 23, 2, ["::", 54430], [], "NONE", 6848], [-1, 2, 1, ["127.0.0.1", 49743], [], "LISTEN", 6552], [-1, 2, 2, ["0.0.0.0", 5353], [], "NONE", 6372], [-1, 23, 1, ["::", 445], [], "LISTEN", 4], [-1, 2, 1, ["127.0.0.1", 65001], [], "LISTEN", 6848], [-1, 2, 2, ["0.0.0.0", 51936], [], "NONE", 6244], [-1, 2, 1, ["127.0.0.1", 49094], ["127.0.0.1", 45998], "TIME_WAIT", 0], [-1, 2, 1, ["192.168.1.110", 45987], ["142.250.181.170", 443], "ESTABLISHED", 13608], [-1, 2, 1, ["127.0.0.1", 49744], ["127.0.0.1", 49750], "ESTABLISHED", 6552], [-1, 2, 2, ["127.0.0.1", 10010], [], "NONE", 11408], [-1, 2, 1, ["127.0.0.1", 49062], ["127.0.0.1", 37916],